{"is_source_file": false, "format": "", "description": "", "external_files": [], "external_methods": [], "published": [], "classes": [], "methods": [], "calls": [], "search-terms": [], "state": 2, "file_id": 11, "knowledge_revision": 18, "git_revision": "f2ccef743d33e6f4c86b9a01840097969b7d71ef", "hash": "ebece526bc2eadd78ddd787a76c56607", "format-version": 4, "code-base-name": "frontend_react_app", "filename": "frontend_react_app/README.md", "revision_history": [{"18": "f2ccef743d33e6f4c86b9a01840097969b7d71ef"}]}