{"is_source_file": false, "format": "", "description": "", "external_files": [], "external_methods": [], "published": [], "classes": [], "methods": [], "calls": [], "search-terms": [], "state": 2, "file_id": 7, "knowledge_revision": 30, "git_revision": "fad15a433054601dee5ecce6a178b44ff3ac8592", "revision_history": [{"16": "f2ccef743d33e6f4c86b9a01840097969b7d71ef"}, {"30": "fad15a433054601dee5ecce6a178b44ff3ac8592"}], "hash": "1218b14b57d7a83e27f27dbb1e99a2af", "format-version": 4, "code-base-name": "frontend_react_app", "filename": "frontend_react_app/src/App.css"}