{"is_source_file": false, "format": "", "description": "", "external_files": [], "external_methods": [], "published": [], "classes": [], "methods": [], "calls": [], "search-terms": [], "state": 2, "file_id": 8, "knowledge_revision": 14, "git_revision": "f2ccef743d33e6f4c86b9a01840097969b7d71ef", "hash": "6c2104b8d219ed99234ae2d6329f4357", "format-version": 4, "code-base-name": "frontend_react_app", "filename": "frontend_react_app/src/index.css", "revision_history": [{"14": "f2ccef743d33e6f4c86b9a01840097969b7d71ef"}]}