{"is_source_file": false, "format": "", "description": "", "external_files": [], "external_methods": [], "published": [], "classes": [], "methods": [], "calls": [], "search-terms": [], "state": 2, "file_id": 7, "knowledge_revision": 16, "git_revision": "f2ccef743d33e6f4c86b9a01840097969b7d71ef", "hash": "22f9e17cc1848b56dbb244518ac2707e", "format-version": 4, "code-base-name": "frontend_react_app", "filename": "frontend_react_app/src/App.css", "revision_history": [{"16": "f2ccef743d33e6f4c86b9a01840097969b7d71ef"}]}