{"is_source_file": true, "format": "JavaScript (React)", "description": "This file initializes and renders the main React application by rendering the App component into the root DOM element.", "external_files": ["./index.css", "./App"], "external_methods": ["React.createRoot", "ReactDOM.createRoot"], "published": [], "classes": [], "methods": [{"name": "root.render", "description": "Renders the React component tree into the DOM."}], "calls": ["ReactDOM.createRoot", "root.render"], "search-terms": ["ReactDOM", "createRoot", "React.StrictMode", "App initialization", "index.js"], "state": 2, "file_id": 9, "knowledge_revision": 24, "git_revision": "f2ccef743d33e6f4c86b9a01840097969b7d71ef", "ctags": [{"_type": "tag", "name": "root", "path": "/home/kavia/workspace/code-generation/simple-notes-app-313056-313066/frontend_react_app/src/index.js", "pattern": "/^const root = ReactDOM.createRoot(document.getElementById('root'));$/", "language": "JavaScript", "kind": "constant"}], "hash": "9fc5841375336fc175b49f8767a11383", "format-version": 4, "code-base-name": "frontend_react_app", "filename": "frontend_react_app/src/index.js", "revision_history": [{"24": "f2ccef743d33e6f4c86b9a01840097969b7d71ef"}]}