{"is_source_file": false, "format": "", "description": "", "external_files": [], "external_methods": [], "published": [], "classes": [], "methods": [], "calls": [], "search-terms": [], "state": 2, "file_id": 1, "knowledge_revision": 19, "git_revision": "f2ccef743d33e6f4c86b9a01840097969b7d71ef", "hash": "d001d53c059625c4bcf75bf5a7f3fcf0", "format-version": 4, "code-base-name": "frontend_react_app", "filename": "frontend_react_app/package.json", "revision_history": [{"19": "f2ccef743d33e6f4c86b9a01840097969b7d71ef"}]}