{"is_source_file": true, "file_id": 15, "git_revision": "", "state": 1, "description": "", "external_files": [], "external_methods": [], "published": [], "classes": [], "methods": [], "calls": [], "search-terms": [], "ctags": [{"_type": "tag", "name": "Delete ${title}", "path": "/home/kavia/workspace/code-generation/simple-notes-app-313056-313066/frontend_react_app/src/components/NoteCard.js", "pattern": "/^            aria-label={`Delete ${title}`}$/", "language": "JavaScript", "kind": "field", "scope": "NoteCard.aria", "scopeKind": "class"}, {"_type": "tag", "name": "NoteCard", "path": "/home/kavia/workspace/code-generation/simple-notes-app-313056-313066/frontend_react_app/src/components/NoteCard.js", "pattern": "/^export default function NoteCard({ note, onEdit, onDelete }) {$/", "language": "JavaScript", "kind": "function", "signature": "({ note, onEdit, onDelete })"}, {"_type": "tag", "name": "truncate", "path": "/home/kavia/workspace/code-generation/simple-notes-app-313056-313066/frontend_react_app/src/components/NoteCard.js", "pattern": "/^function truncate(text, maxLen) {$/", "language": "JavaScript", "kind": "function", "signature": "(text, maxLen)"}], "format": "JavaScript", "hash": "7c9a6b599db7a7f993aba9ed9f8a6287", "format-version": 4, "code-base-name": "frontend_react_app", "filename": "frontend_react_app/src/components/NoteCard.js", "knowledge_revision": 28}