{"is_source_file": false, "format": "", "description": "", "external_files": [], "external_methods": [], "published": [], "classes": [], "methods": [], "calls": [], "search-terms": [], "state": 2, "file_id": 2, "knowledge_revision": 17, "git_revision": "f2ccef743d33e6f4c86b9a01840097969b7d71ef", "hash": "be6538e7523bc2e9da0743133d784136", "format-version": 4, "code-base-name": "frontend_react_app", "filename": "frontend_react_app/eslint.config.mjs", "revision_history": [{"17": "f2ccef743d33e6f4c86b9a01840097969b7d71ef"}]}