{"is_source_file": true, "format": "JavaScript (React)", "description": "Main component for a Simple Notes web application. Manages state, handles note CRUD operations, search functionality, and renders UI elements including note list, search bar, and modal dialogs.", "external_files": ["./components/NoteModal", "./components/NoteCard", "./api/notesApi", "./App.css"], "external_methods": ["getConfiguredApiBaseUrl", "listNotes", "searchNotes", "createNote", "updateNote", "deleteNote"], "published": ["App"], "classes": [], "methods": [{"name": "containsInsensitive(haystack, needle)", "description": "Checks if haystack string contains needle string, case-insensitive.", "scope": "", "scopeKind": ""}, {"name": "filterClientSide(notes, query)", "description": "Filters notes client-side based on a search query.", "scope": "", "scopeKind": ""}, {"name": "loadNotes", "description": "Fetches notes from the API and updates state."}, {"name": "openCreate", "description": "Prepares UI for creating a new note."}, {"name": "openEdit", "description": "Prepares UI for editing an existing note."}, {"name": "closeModal", "description": "Closes the note editing modal."}, {"name": "handleSubmitModal", "description": "Handles submitting create or update note to the API."}, {"name": "handleDelete", "description": "Deletes a note after user confirmation."}, {"name": "handleResetSearch", "description": "Resets search input and reloads all notes."}, {"name": "App()", "scope": "", "scopeKind": "", "description": "unavailable"}], "calls": ["listNotes", "searchNotes", "createNote", "updateNote", "deleteNote"], "search-terms": ["React", "useState", "useEffect", "NoteModal", "NoteCard", "searchNotes", "listNotes", "createNote", "updateNote", "deleteNote", "filterClientSide", "SimpleNotes"], "state": 2, "file_id": 10, "knowledge_revision": 32, "git_revision": "fad15a433054601dee5ecce6a178b44ff3ac8592", "revision_history": [{"25": "f2ccef743d33e6f4c86b9a01840097969b7d71ef"}, {"32": "fad15a433054601dee5ecce6a178b44ff3ac8592"}], "ctags": [{"_type": "tag", "name": "App", "path": "/home/kavia/workspace/code-generation/simple-notes-app-313056-313066/frontend_react_app/src/App.js", "pattern": "/^function App() {$/", "language": "JavaScript", "kind": "function", "signature": "()"}, {"_type": "tag", "name": "activeNote", "path": "/home/kavia/workspace/code-generation/simple-notes-app-313056-313066/frontend_react_app/src/App.js", "pattern": "/^        initialNote={activeNote}$/", "language": "JavaScript", "kind": "field", "scope": "App.initialNote", "scopeKind": "class"}, {"_type": "tag", "name": "busyMutation", "path": "/home/kavia/workspace/code-generation/simple-notes-app-313056-313066/frontend_react_app/src/App.js", "pattern": "/^        busy={busyMutation}$/", "language": "JavaScript", "kind": "field", "scope": "App.busy", "scopeKind": "class"}, {"_type": "tag", "name": "closeModal", "path": "/home/kavia/workspace/code-generation/simple-notes-app-313056-313066/frontend_react_app/src/App.js", "pattern": "/^        onClose={closeModal}$/", "language": "JavaScript", "kind": "field", "scope": "App.onClose", "scopeKind": "class"}, {"_type": "tag", "name": "containsInsensitive", "path": "/home/kavia/workspace/code-generation/simple-notes-app-313056-313066/frontend_react_app/src/App.js", "pattern": "/^function containsInsensitive(haystack, needle) {$/", "language": "JavaScript", "kind": "function", "signature": "(haystack, needle)"}, {"_type": "tag", "name": "filterClientSide", "path": "/home/kavia/workspace/code-generation/simple-notes-app-313056-313066/frontend_react_app/src/App.js", "pattern": "/^function filterClientSide(notes, query) {$/", "language": "JavaScript", "kind": "function", "signature": "(notes, query)"}, {"_type": "tag", "name": "handleSubmitModal", "path": "/home/kavia/workspace/code-generation/simple-notes-app-313056-313066/frontend_react_app/src/App.js", "pattern": "/^        onSubmit={handleSubmitModal}$/", "language": "JavaScript", "kind": "field", "scope": "App.onSubmit", "scopeKind": "class"}, {"_type": "tag", "name": "modalMode", "path": "/home/kavia/workspace/code-generation/simple-notes-app-313056-313066/frontend_react_app/src/App.js", "pattern": "/^        mode={modalMode}$/", "language": "JavaScript", "kind": "field", "scope": "App.mode", "scopeKind": "class"}, {"_type": "tag", "name": "modalOpen", "path": "/home/kavia/workspace/code-generation/simple-notes-app-313056-313066/frontend_react_app/src/App.js", "pattern": "/^        open={modalOpen}$/", "language": "JavaScript", "kind": "field", "scope": "App.open", "scopeKind": "class"}, {"_type": "tag", "name": "search", "path": "/home/kavia/workspace/code-generation/simple-notes-app-313056-313066/frontend_react_app/src/App.js", "pattern": "/^                value={search}$/", "language": "JavaScript", "kind": "field", "scope": "App.value", "scopeKind": "class"}], "hash": "65356c08b7b09f55d75eb4d04472d09d", "format-version": 4, "code-base-name": "frontend_react_app", "filename": "frontend_react_app/src/App.js", "fields": [{"name": "initialNote={activeNote}", "scope": "App.initialNote", "scopeKind": "class", "description": "unavailable"}, {"name": "busy={busyMutation}", "scope": "App.busy", "scopeKind": "class", "description": "unavailable"}, {"name": "onClose={closeModal}", "scope": "App.onClose", "scopeKind": "class", "description": "unavailable"}, {"name": "onSubmit={handleSubmitModal}", "scope": "App.onSubmit", "scopeKind": "class", "description": "unavailable"}, {"name": "mode={modalMode}", "scope": "App.mode", "scopeKind": "class", "description": "unavailable"}, {"name": "open={modalOpen}", "scope": "App.open", "scopeKind": "class", "description": "unavailable"}, {"name": "value={search}", "scope": "App.value", "scopeKind": "class", "description": "unavailable"}]}