{"is_source_file": false, "format": "JSON", "description": "", "external_files": [], "external_methods": [], "published": [], "classes": [], "methods": [], "calls": [], "search-terms": [], "state": 2, "file_id": 4, "knowledge_revision": 20, "git_revision": "f2ccef743d33e6f4c86b9a01840097969b7d71ef", "hash": "d9d975cebe2ec20b6c652e1e4c12ccf0", "format-version": 4, "code-base-name": "frontend_react_app", "filename": "frontend_react_app/public/manifest.json", "revision_history": [{"20": "f2ccef743d33e6f4c86b9a01840097969b7d71ef"}]}