{"is_source_file": true, "file_id": 13, "git_revision": "", "state": 1, "description": "", "external_files": [], "external_methods": [], "published": [], "classes": [], "methods": [], "calls": [], "search-terms": [], "ctags": [{"_type": "tag", "name": "Accept", "path": "/home/kavia/workspace/code-generation/simple-notes-app-313056-313066/frontend_react_app/src/api/notesApi.js", "pattern": "/^    Accept: \"application\\/json\",$/", "language": "JavaScript", "kind": "property", "scope": "requestJson.headers", "scopeKind": "class"}, {"_type": "tag", "name": "createNote", "path": "/home/kavia/workspace/code-generation/simple-notes-app-313056-313066/frontend_react_app/src/api/notesApi.js", "pattern": "/^export async function createNote(payload, { signal } = {}) {$/", "language": "JavaScript", "kind": "function", "signature": "(payload, { signal } = {})"}, {"_type": "tag", "name": "deleteNote", "path": "/home/kavia/workspace/code-generation/simple-notes-app-313056-313066/frontend_react_app/src/api/notesApi.js", "pattern": "/^export async function deleteNote(id, { signal } = {}) {$/", "language": "JavaScript", "kind": "function", "signature": "(id, { signal } = {})"}, {"_type": "tag", "name": "getApiBaseUrl", "path": "/home/kavia/workspace/code-generation/simple-notes-app-313056-313066/frontend_react_app/src/api/notesApi.js", "pattern": "/^function getApiBaseUrl() {$/", "language": "JavaScript", "kind": "function", "signature": "()"}, {"_type": "tag", "name": "getConfiguredApiBaseUrl", "path": "/home/kavia/workspace/code-generation/simple-notes-app-313056-313066/frontend_react_app/src/api/notesApi.js", "pattern": "/^export function getConfiguredApiBaseUrl() {$/", "language": "JavaScript", "kind": "function", "signature": "()"}, {"_type": "tag", "name": "headers", "path": "/home/kavia/workspace/code-generation/simple-notes-app-313056-313066/frontend_react_app/src/api/notesApi.js", "pattern": "/^  const headers = {$/", "language": "JavaScript", "kind": "class", "scope": "requestJson", "scopeKind": "class"}, {"_type": "tag", "name": "listNotes", "path": "/home/kavia/workspace/code-generation/simple-notes-app-313056-313066/frontend_react_app/src/api/notesApi.js", "pattern": "/^export async function listNotes({ signal } = {}) {$/", "language": "JavaScript", "kind": "function", "signature": "({ signal } = {})"}, {"_type": "tag", "name": "normalizeBaseUrl", "path": "/home/kavia/workspace/code-generation/simple-notes-app-313056-313066/frontend_react_app/src/api/notesApi.js", "pattern": "/^function normalizeBaseUrl(url) {$/", "language": "JavaScript", "kind": "function", "signature": "(url)"}, {"_type": "tag", "name": "normalizeNote", "path": "/home/kavia/workspace/code-generation/simple-notes-app-313056-313066/frontend_react_app/src/api/notesApi.js", "pattern": "/^function normalizeNote(raw) {$/", "language": "JavaScript", "kind": "function", "signature": "(raw)"}, {"_type": "tag", "name": "normalizeNotesResponse", "path": "/home/kavia/workspace/code-generation/simple-notes-app-313056-313066/frontend_react_app/src/api/notesApi.js", "pattern": "/^function normalizeNotesResponse(data) {$/", "language": "JavaScript", "kind": "function", "signature": "(data)"}, {"_type": "tag", "name": "requestJson", "path": "/home/kavia/workspace/code-generation/simple-notes-app-313056-313066/frontend_react_app/src/api/notesApi.js", "pattern": "/^async function requestJson(path, options = {}, signal) {$/", "language": "JavaScript", "kind": "function", "signature": "(path, options = {}, signal)"}, {"_type": "tag", "name": "searchNotes", "path": "/home/kavia/workspace/code-generation/simple-notes-app-313056-313066/frontend_react_app/src/api/notesApi.js", "pattern": "/^export async function searchNotes(query, { signal } = {}) {$/", "language": "JavaScript", "kind": "function", "signature": "(query, { signal } = {})"}, {"_type": "tag", "name": "updateNote", "path": "/home/kavia/workspace/code-generation/simple-notes-app-313056-313066/frontend_react_app/src/api/notesApi.js", "pattern": "/^export async function updateNote(id, payload, { signal } = {}) {$/", "language": "JavaScript", "kind": "function", "signature": "(id, payload, { signal } = {})"}], "format": "JavaScript", "hash": "4cf40143dac4778a14ca3e9d7fd84639", "format-version": 4, "code-base-name": "frontend_react_app", "filename": "frontend_react_app/src/api/notesApi.js", "knowledge_revision": 26}