{"is_source_file": false, "format": null, "description": "", "external_files": [], "external_methods": [], "published": [], "classes": [], "methods": [], "calls": [], "search-terms": [], "state": 2, "file_id": 8, "knowledge_revision": 29, "git_revision": "fad15a433054601dee5ecce6a178b44ff3ac8592", "revision_history": [{"14": "f2ccef743d33e6f4c86b9a01840097969b7d71ef"}, {"29": "fad15a433054601dee5ecce6a178b44ff3ac8592"}], "hash": "57c7462079b19d8f006c615d079e761f", "format-version": 4, "code-base-name": "frontend_react_app", "filename": "frontend_react_app/src/index.css"}