{"is_source_file": false, "format": "", "description": "", "external_files": [], "external_methods": [], "published": [], "classes": [], "methods": [], "calls": [], "search-terms": [], "state": 2, "file_id": 3, "knowledge_revision": 15, "git_revision": "f2ccef743d33e6f4c86b9a01840097969b7d71ef", "hash": "d2b40d02d5f7873d8a6713bad837edd4", "format-version": 4, "code-base-name": "frontend_react_app", "filename": "frontend_react_app/public/index.html", "revision_history": [{"15": "f2ccef743d33e6f4c86b9a01840097969b7d71ef"}]}