{"is_source_file": false, "format": "", "description": "", "external_files": [], "external_methods": [], "published": [], "classes": [], "methods": [], "calls": [], "search-terms": [], "state": 2, "file_id": 6, "knowledge_revision": 23, "git_revision": "f2ccef743d33e6f4c86b9a01840097969b7d71ef", "ctags": [], "hash": "1a77571e1a8cf36018a41bcedf60db75", "format-version": 4, "code-base-name": "frontend_react_app", "filename": "frontend_react_app/src/setupTests.js", "revision_history": [{"23": "f2ccef743d33e6f4c86b9a01840097969b7d71ef"}]}