{"is_source_file": true, "file_id": 14, "git_revision": "", "state": 1, "description": "", "external_files": [], "external_methods": [], "published": [], "classes": [], "methods": [], "calls": [], "search-terms": [], "ctags": [{"_type": "tag", "name": "8", "path": "/home/kavia/workspace/code-generation/simple-notes-app-313056-313066/frontend_react_app/src/components/NoteModal.js", "pattern": "/^            rows={8}$/", "language": "JavaScript", "kind": "field", "scope": "NoteModal.rows", "scopeKind": "class"}, {"_type": "tag", "name": "NoteModal", "path": "/home/kavia/workspace/code-generation/simple-notes-app-313056-313066/frontend_react_app/src/components/NoteModal.js", "pattern": "/^export default function NoteModal({ open, mode, initialNote, onClose, onSubmit, busy }) {$/", "language": "JavaScript", "kind": "function", "signature": "({ open, mode, initialNote, onClose, onSubmit, busy })"}, {"_type": "tag", "name": "busy", "path": "/home/kavia/workspace/code-generation/simple-notes-app-313056-313066/frontend_react_app/src/components/NoteModal.js", "pattern": "/^            disabled={busy}$/", "language": "JavaScript", "kind": "field", "scope": "NoteModal.disabled", "scopeKind": "class"}, {"_type": "tag", "name": "content", "path": "/home/kavia/workspace/code-generation/simple-notes-app-313056-313066/frontend_react_app/src/components/NoteModal.js", "pattern": "/^            value={content}$/", "language": "JavaScript", "kind": "field", "scope": "NoteModal.value", "scopeKind": "class"}, {"_type": "tag", "name": "title", "path": "/home/kavia/workspace/code-generation/simple-notes-app-313056-313066/frontend_react_app/src/components/NoteModal.js", "pattern": "/^            value={title}$/", "language": "JavaScript", "kind": "field", "scope": "NoteModal.value", "scopeKind": "class"}], "format": "JavaScript", "hash": "75714542e3ae487f34afebaebdec1c19", "format-version": 4, "code-base-name": "frontend_react_app", "filename": "frontend_react_app/src/components/NoteModal.js", "knowledge_revision": 27}