{"is_source_file": false, "format": "", "description": "", "external_files": [], "external_methods": [], "published": [], "classes": [], "methods": [], "calls": [], "search-terms": ["README.md", "simple-notes-app-313056-313066"], "state": 2, "file_id": 12, "knowledge_revision": 22, "git_revision": "e1f37780bc6e9f5c7f0c103be7c1e309e978f528", "hash": "8ca22101b22281c9899b514cf9686601", "format-version": 4, "code-base-name": "frontend_react_app", "filename": "README.md", "revision_history": [{"22": "e1f37780bc6e9f5c7f0c103be7c1e309e978f528"}]}